ID	Description	GeneRatio	BgRatio	RichFactor	FoldEnrichment	zScore	pvalue	p.adjust	qvalue	geneID	Count
GO:0007059	chromosome segregation	56/430	337/11986	0.166172106824926	4.63195086605479	13.0454802859737	1.70713696829805e-22	3.93099721839028e-19	3.64347267160316e-19	TTK/TPX2/CDC20/KIF18B/KIF2C/GPSM2/CDCA8/PRC1/CDT1/CCNE1/SMC4/HJURP/KIF4A/KIF14/KIF15/BUB1/KIFC1/CCNB2/PLK1/AURKB/CENPE/KIF18A/CDK5RAP2/MAD2L1/TOP2A/NUSAP1/SMC2/NCAPH/CENPN/DLGAP5/ECT2/TRIP13/NDC80/PLSCR1/CENPF/MYBL2/CDK1/SKA1/CCNE2/FIRRM/RACGAP1/CEP192/KIF23/AURKA/NEK2/TUBGCP3/KIF11/KNTC1/CENPI/SPDL1/ASPM/SAC3D1/MSH5/BRIP1/TACC3/CENPM	56
GO:0000280	nuclear division	56/430	338/11986	0.165680473372781	4.61824686940966	13.0160840563563	1.98184886230919e-22	3.93099721839028e-19	3.64347267160316e-19	NFIB/TTK/TPX2/RANBP1/CDC20/KIF18B/KIF2C/CDCA8/PRC1/CDT1/CCNE1/SMC4/KIF4A/KIF14/KIF15/SPHK1/BUB1/KIFC1/CCNB2/PLK1/CHEK1/AURKB/CENPE/RAD51AP1/KIF18A/CDK5RAP2/MAD2L1/TOP2A/NUSAP1/SMC2/NCAPH/DLGAP5/TRIP13/NDC80/CENPF/MYBL2/CDK1/SKA1/CCNE2/UBE2S/FANCA/RACGAP1/CKS2/CEP192/KIF23/AURKA/NEK2/KIF11/KNTC1/CENPI/SPDL1/ASPM/MSH5/RGCC/BRIP1/DMRT1	56
GO:0098813	nuclear chromosome segregation	48/430	249/11986	0.192771084337349	5.37338189969179	13.4520355024022	3.20482079161367e-22	4.23784136011047e-19	3.92787334214265e-19	TTK/TPX2/CDC20/KIF18B/KIF2C/CDCA8/PRC1/CDT1/CCNE1/SMC4/KIF4A/KIF14/KIF15/BUB1/KIFC1/CCNB2/PLK1/AURKB/CENPE/KIF18A/CDK5RAP2/MAD2L1/TOP2A/NUSAP1/SMC2/NCAPH/DLGAP5/ECT2/TRIP13/NDC80/CENPF/MYBL2/CDK1/SKA1/CCNE2/RACGAP1/CEP192/KIF23/AURKA/NEK2/KIF11/KNTC1/CENPI/SPDL1/ASPM/MSH5/BRIP1/TACC3	48
GO:0140014	mitotic nuclear division	46/430	234/11986	0.196581196581197	5.47958656330749	13.3487146982859	1.0721773603442e-21	1.06333189712136e-18	9.85556715705865e-19	NFIB/TTK/TPX2/RANBP1/CDC20/KIF18B/KIF2C/CDCA8/PRC1/CDT1/SMC4/KIF4A/KIF14/KIF15/SPHK1/BUB1/KIFC1/PLK1/CHEK1/AURKB/CENPE/KIF18A/CDK5RAP2/MAD2L1/NUSAP1/SMC2/NCAPH/DLGAP5/TRIP13/NDC80/CENPF/MYBL2/CDK1/SKA1/UBE2S/RACGAP1/CEP192/KIF23/AURKA/NEK2/KIF11/KNTC1/CENPI/SPDL1/RGCC/DMRT1	46
GO:0000070	mitotic sister chromatid segregation	38/430	161/11986	0.236024844720497	6.57905532283692	13.7474614860966	5.14702927003583e-21	4.08365302284643e-18	3.78496278741793e-18	TTK/TPX2/CDC20/KIF18B/KIF2C/CDCA8/PRC1/CDT1/SMC4/KIF4A/KIF14/KIF15/BUB1/KIFC1/PLK1/AURKB/CENPE/KIF18A/CDK5RAP2/MAD2L1/NUSAP1/SMC2/NCAPH/DLGAP5/TRIP13/NDC80/CENPF/MYBL2/CDK1/SKA1/RACGAP1/CEP192/KIF23/NEK2/KIF11/KNTC1/CENPI/SPDL1	38
GO:0048285	organelle fission	56/430	374/11986	0.149732620320856	4.17370973759483	12.0281537895836	2.96289835436328e-20	1.95896962862652e-17	1.81568490382297e-17	NFIB/TTK/TPX2/RANBP1/CDC20/KIF18B/KIF2C/CDCA8/PRC1/CDT1/CCNE1/SMC4/KIF4A/KIF14/KIF15/SPHK1/BUB1/KIFC1/CCNB2/PLK1/CHEK1/AURKB/CENPE/RAD51AP1/KIF18A/CDK5RAP2/MAD2L1/TOP2A/NUSAP1/SMC2/NCAPH/DLGAP5/TRIP13/NDC80/CENPF/MYBL2/CDK1/SKA1/CCNE2/UBE2S/FANCA/RACGAP1/CKS2/CEP192/KIF23/AURKA/NEK2/KIF11/KNTC1/CENPI/SPDL1/ASPM/MSH5/RGCC/BRIP1/DMRT1	56
GO:0000819	sister chromatid segregation	40/430	195/11986	0.205128205128205	5.71782945736434	12.8124948581025	1.09502746112456e-19	6.20567705468732e-17	5.75177582211742e-17	TTK/TPX2/CDC20/KIF18B/KIF2C/CDCA8/PRC1/CDT1/SMC4/KIF4A/KIF14/KIF15/BUB1/KIFC1/PLK1/AURKB/CENPE/KIF18A/CDK5RAP2/MAD2L1/TOP2A/NUSAP1/SMC2/NCAPH/DLGAP5/TRIP13/NDC80/CENPF/MYBL2/CDK1/SKA1/RACGAP1/CEP192/KIF23/NEK2/KIF11/KNTC1/CENPI/SPDL1/TACC3	40
GO:1902850	microtubule cytoskeleton organization involved in mitosis	30/430	143/11986	0.20979020979021	5.84778012684989	11.249404896025	2.53774420029234e-15	1.25840390531996e-12	1.16636059100278e-12	TTK/TPX2/CDC20/STMN1/GPSM2/CDCA8/PRC1/KIF4A/KIF15/KIFC1/PLK1/AURKB/CENPE/CDK5RAP2/MAD2L1/PAX6/NUSAP1/DLGAP5/NDC80/MYBL2/CDK1/RACGAP1/CEP192/KIF23/AURKA/NEK2/SPRY2/KIF11/SPDL1/TACC3	30
GO:0044772	mitotic cell cycle phase transition	46/430	355/11986	0.129577464788732	3.61189649525057	9.63631729753065	2.41985016871935e-14	1.06661617992329e-11	9.88600776530605e-12	CDKN2A/MELK/TFDP1/NFIB/TTK/DONSON/CDC20/CKS1B/SKP2/CDCA8/CCNE1/EZH2/CCNA2/KIF14/RRM2/BUB1/CCNB2/PLK1/CHEK1/AURKB/CENPE/FOXM1/CDK5RAP2/MAD2L1/DLGAP5/TRIP13/NDC80/CENPF/RBL1/CDK1/ID4/SKA1/CCNE2/UBE2S/MYC/CKS2/RFWD3/AURKA/BARD1/NES/CCL2/KNTC1/SPDL1/TPD52L1/RGCC/TACC3	46
GO:0044770	cell cycle phase transition	51/430	438/11986	0.116438356164384	3.24565148136349	9.23582092982944	6.58414502551884e-14	2.61193033162332e-11	2.42088616569866e-11	CDKN2A/MELK/TFDP1/NFIB/TTK/MSH2/DONSON/CDC20/CKS1B/SKP2/CDCA8/CDT1/CCNE1/EZH2/CCNA2/KIF14/RRM2/BUB1/CCNB2/PLK1/CHEK1/SIX3/AURKB/CENPE/FOXM1/CDK5RAP2/MAD2L1/DLGAP5/TRIP13/NDC80/CENPF/CDC45/RBL1/CDK1/ID4/SKA1/CCNE2/UBE2S/MYC/CKS2/RFWD3/AURKA/BARD1/NES/CCL2/KNTC1/SPDL1/TPD52L1/RGCC/BRIP1/TACC3	51
GO:0051276	chromosome organization	52/430	464/11986	0.112068965517241	3.1238572574178	9.00056681203173	1.71035762917277e-13	6.16817155902578e-11	5.71701358727318e-11	TTK/TPX2/MSH2/CDC20/SMG5/KIF18B/FEN1/KIF2C/CDCA8/PRC1/CDT1/CCNE1/SMC4/NASP/HJURP/KIF4A/KIF14/KIF15/BUB1/KIFC1/PLK1/AURKB/CENPE/HMGB2/KIF18A/CDK5RAP2/MAD2L1/TOP2A/NUSAP1/SMC2/NCAPH/CENPN/DLGAP5/TRIP13/NDC80/CENPF/MYBL2/CDK1/SKA1/CCNE2/MYC/RACGAP1/CEP192/KIF23/NEK2/KIF11/KNTC1/CENPI/SPDL1/MSH5/BRIP1/TACC3	52
GO:1905818	regulation of chromosome separation	19/430	65/11986	0.292307692307692	8.14790697674419	11.1462481266893	6.31209121194206e-13	2.08667215314784e-10	1.93404689502751e-10	TTK/CDC20/CDCA8/SMC4/BUB1/PLK1/AURKB/CDK5RAP2/MAD2L1/SMC2/NCAPH/DLGAP5/TRIP13/NDC80/PLSCR1/CENPF/SKA1/KNTC1/SPDL1	19
GO:0051304	chromosome separation	19/430	68/11986	0.279411764705882	7.78844049247606	10.828598753587	1.55443164350931e-12	4.74340794600111e-10	4.39646132046804e-10	TTK/CDC20/CDCA8/SMC4/BUB1/PLK1/AURKB/CDK5RAP2/MAD2L1/SMC2/NCAPH/DLGAP5/TRIP13/NDC80/PLSCR1/CENPF/SKA1/KNTC1/SPDL1	19
GO:0090068	positive regulation of cell cycle process	32/430	210/11986	0.152380952380952	4.24753045404208	9.15827039239599	3.30926651247736e-12	9.37704303928406e-10	8.69117889329581e-10	TFDP1/RANBP1/CDC20/FEN1/GPSM2/CDCA8/CCNE1/SMC4/EZH2/KIF14/RRM2/SPHK1/BUB1/AURKB/RAD51AP1/MAD2L1/NUSAP1/SMC2/NCAPH/DLGAP5/ECT2/NDC80/PLSCR1/CDK1/SKA1/CCNE2/E2F8/RACGAP1/KIF23/AURKA/RGCC/DMRT1	32
GO:0051225	spindle assembly	23/430	111/11986	0.207207207207207	5.77578043159439	9.75076101650808	6.4125337980512e-12	1.69590143845794e-09	1.57185828467318e-09	TPX2/CDC20/GPSM2/CDCA8/PRC1/KIF4A/KIF15/KIFC1/CCNB2/PLK1/AURKB/NDC80/MYBL2/SKA1/RACGAP1/CEP192/KIF23/AURKA/NEK2/TUBGCP3/KIF11/ASPM/SAC3D1	23
GO:0051983	regulation of chromosome segregation	23/430	112/11986	0.205357142857143	5.72421096345515	9.68922971877871	7.80628381121929e-12	1.85895474545398e-09	1.72298539951196e-09	TTK/CDC20/KIF2C/CDCA8/SMC4/BUB1/PLK1/AURKB/CENPE/CDK5RAP2/MAD2L1/SMC2/NCAPH/DLGAP5/TRIP13/NDC80/PLSCR1/CENPF/CDK1/SKA1/KNTC1/SPDL1/TACC3	23
GO:0007088	regulation of mitotic nuclear division	22/430	102/11986	0.215686274509804	6.01212950296398	9.80596928164545	7.9662794738386e-12	1.85895474545398e-09	1.72298539951196e-09	TTK/CDC20/CDCA8/SPHK1/BUB1/PLK1/CHEK1/AURKB/CDK5RAP2/MAD2L1/NUSAP1/DLGAP5/TRIP13/NDC80/CENPF/SKA1/AURKA/NEK2/KNTC1/SPDL1/RGCC/DMRT1	22
GO:0007051	spindle organization	28/430	171/11986	0.16374269005848	4.56423228614171	9.05517134268772	1.33928701200311e-11	2.95163976478686e-09	2.73574826486951e-09	TTK/TPX2/CDC20/STMN1/GPSM2/CDCA8/PRC1/KIF4A/KIF15/KIFC1/CCNB2/PLK1/AURKB/CENPE/DLGAP5/NDC80/MYBL2/SKA1/RACGAP1/CEP192/KIF23/AURKA/NEK2/TUBGCP3/KIF11/ASPM/SAC3D1/TACC3	28
GO:0007052	mitotic spindle organization	23/430	116/11986	0.198275862068966	5.52682437850842	9.45032537570916	1.6763887914593e-11	3.50012333458898e-09	3.24411415433094e-09	TTK/TPX2/CDC20/STMN1/GPSM2/CDCA8/PRC1/KIF4A/KIF15/KIFC1/PLK1/AURKB/CENPE/DLGAP5/NDC80/MYBL2/RACGAP1/CEP192/KIF23/AURKA/NEK2/KIF11/TACC3	23
GO:0051784	negative regulation of nuclear division	16/430	53/11986	0.30188679245283	8.41491882404563	10.435637765412	2.50372887040588e-11	4.96614621445006e-09	4.60290786543565e-09	TTK/CDC20/CDCA8/BUB1/PLK1/CHEK1/AURKB/CDK5RAP2/MAD2L1/TRIP13/NDC80/CENPF/SKA1/KNTC1/SPDL1/DMRT1	16
GO:0051783	regulation of nuclear division	23/430	120/11986	0.191666666666667	5.34259689922481	9.22226185524126	3.4803385043206e-11	6.57452516506658e-09	6.09364531107361e-09	TTK/CDC20/CDCA8/SPHK1/BUB1/PLK1/CHEK1/AURKB/RAD51AP1/CDK5RAP2/MAD2L1/NUSAP1/DLGAP5/TRIP13/NDC80/CENPF/SKA1/AURKA/NEK2/KNTC1/SPDL1/RGCC/DMRT1	23
GO:0007094	mitotic spindle assembly checkpoint signaling	14/430	41/11986	0.341463414634146	9.51809415768576	10.5387904225993	6.89239764797421e-11	1.13925589456307e-08	1.05592741159535e-08	TTK/CDC20/CDCA8/BUB1/PLK1/AURKB/CDK5RAP2/MAD2L1/TRIP13/NDC80/CENPF/SKA1/KNTC1/SPDL1	14
GO:0071173	spindle assembly checkpoint signaling	14/430	41/11986	0.341463414634146	9.51809415768576	10.5387904225993	6.89239764797421e-11	1.13925589456307e-08	1.05592741159535e-08	TTK/CDC20/CDCA8/BUB1/PLK1/AURKB/CDK5RAP2/MAD2L1/TRIP13/NDC80/CENPF/SKA1/KNTC1/SPDL1	14
GO:0071174	mitotic spindle checkpoint signaling	14/430	41/11986	0.341463414634146	9.51809415768576	10.5387904225993	6.89239764797421e-11	1.13925589456307e-08	1.05592741159535e-08	TTK/CDC20/CDCA8/BUB1/PLK1/AURKB/CDK5RAP2/MAD2L1/TRIP13/NDC80/CENPF/SKA1/KNTC1/SPDL1	14
GO:0031577	spindle checkpoint signaling	14/430	42/11986	0.333333333333333	9.29147286821705	10.3831926544265	1.0004024371243e-10	1.58743858722884e-08	1.4713287212106e-08	TTK/CDC20/CDCA8/BUB1/PLK1/AURKB/CDK5RAP2/MAD2L1/TRIP13/NDC80/CENPF/SKA1/KNTC1/SPDL1	14
GO:0000226	microtubule cytoskeleton organization	49/430	499/11986	0.0981963927855711	2.73716735797176	7.6460670633039	1.12574760828276e-10	1.66109565042678e-08	1.53959829300698e-08	TTK/TPX2/RANBP1/CDC20/STMN1/KANK1/KIF18B/KIF2C/GPSM2/CDCA8/PRC1/IQCG/KIF4A/TUBB6/KIF15/KIFC1/CCNB2/PLK1/CALML5/CHEK1/AURKB/CENPE/KIF18A/CDK5RAP2/MAD2L1/KIF20A/PAX6/NUSAP1/DLGAP5/NDC80/MYBL2/CRYAB/CDK1/MID1/SKA1/RACGAP1/CEP192/KIF23/AURKA/NEK2/SPRY2/TUBGCP3/KIF11/SPDL1/ASPM/SAC3D1/CALML4/TACC3/CNTLN	49
GO:0033047	regulation of mitotic sister chromatid segregation	15/430	50/11986	0.3	8.36232558139535	10.0628290923662	1.172439581849e-10	1.66109565042678e-08	1.53959829300698e-08	TTK/CDC20/CDCA8/BUB1/PLK1/AURKB/CDK5RAP2/MAD2L1/TRIP13/NDC80/CENPF/CDK1/SKA1/KNTC1/SPDL1	15
GO:0045839	negative regulation of mitotic nuclear division	15/430	50/11986	0.3	8.36232558139535	10.0628290923662	1.172439581849e-10	1.66109565042678e-08	1.53959829300698e-08	TTK/CDC20/CDCA8/BUB1/PLK1/CHEK1/AURKB/CDK5RAP2/MAD2L1/TRIP13/NDC80/CENPF/SKA1/KNTC1/SPDL1	15
GO:0033046	negative regulation of sister chromatid segregation	14/430	43/11986	0.325581395348837	9.07539210383991	10.2327086969744	1.43535606565671e-10	1.7793929726438e-08	1.64924300570358e-08	TTK/CDC20/CDCA8/BUB1/PLK1/AURKB/CDK5RAP2/MAD2L1/TRIP13/NDC80/CENPF/SKA1/KNTC1/SPDL1	14
GO:0033048	negative regulation of mitotic sister chromatid segregation	14/430	43/11986	0.325581395348837	9.07539210383991	10.2327086969744	1.43535606565671e-10	1.7793929726438e-08	1.64924300570358e-08	TTK/CDC20/CDCA8/BUB1/PLK1/AURKB/CDK5RAP2/MAD2L1/TRIP13/NDC80/CENPF/SKA1/KNTC1/SPDL1	14
GO:0045841	negative regulation of mitotic metaphase/anaphase transition	14/430	43/11986	0.325581395348837	9.07539210383991	10.2327086969744	1.43535606565671e-10	1.7793929726438e-08	1.64924300570358e-08	TTK/CDC20/CDCA8/BUB1/PLK1/AURKB/CDK5RAP2/MAD2L1/TRIP13/NDC80/CENPF/SKA1/KNTC1/SPDL1	14
GO:2000816	negative regulation of mitotic sister chromatid separation	14/430	43/11986	0.325581395348837	9.07539210383991	10.2327086969744	1.43535606565671e-10	1.7793929726438e-08	1.64924300570358e-08	TTK/CDC20/CDCA8/BUB1/PLK1/AURKB/CDK5RAP2/MAD2L1/TRIP13/NDC80/CENPF/SKA1/KNTC1/SPDL1	14
GO:0010965	regulation of mitotic sister chromatid separation	15/430	51/11986	0.294117647058824	8.1983584131327	9.93703509319271	1.6070921278834e-10	1.93191953676165e-08	1.79061333419353e-08	TTK/CDC20/CDCA8/BUB1/PLK1/AURKB/CDK5RAP2/MAD2L1/DLGAP5/TRIP13/NDC80/CENPF/SKA1/KNTC1/SPDL1	15
GO:1902100	negative regulation of metaphase/anaphase transition of cell cycle	14/430	45/11986	0.311111111111111	8.67204134366925	9.94595116805698	2.86137456538036e-10	3.24316368596111e-08	3.00594928026274e-08	TTK/CDC20/CDCA8/BUB1/PLK1/AURKB/CDK5RAP2/MAD2L1/TRIP13/NDC80/CENPF/SKA1/KNTC1/SPDL1	14
GO:1905819	negative regulation of chromosome separation	14/430	45/11986	0.311111111111111	8.67204134366925	9.94595116805698	2.86137456538036e-10	3.24316368596111e-08	3.00594928026274e-08	TTK/CDC20/CDCA8/BUB1/PLK1/AURKB/CDK5RAP2/MAD2L1/TRIP13/NDC80/CENPF/SKA1/KNTC1/SPDL1	14
GO:0051306	mitotic sister chromatid separation	15/430	53/11986	0.283018867924528	7.88898639754278	9.69544890801419	2.94919237818682e-10	3.24984615674086e-08	3.01214297573291e-08	TTK/CDC20/CDCA8/BUB1/PLK1/AURKB/CDK5RAP2/MAD2L1/DLGAP5/TRIP13/NDC80/CENPF/SKA1/KNTC1/SPDL1	15
GO:0051985	negative regulation of chromosome segregation	14/430	46/11986	0.304347826086957	8.4835187057634	9.80916593789166	3.98016391176157e-10	4.2673811453941e-08	3.95525250178753e-08	TTK/CDC20/CDCA8/BUB1/PLK1/AURKB/CDK5RAP2/MAD2L1/TRIP13/NDC80/CENPF/SKA1/KNTC1/SPDL1	14
GO:0007346	regulation of mitotic cell cycle	42/430	407/11986	0.103194103194103	2.876475629964	7.42940590398374	5.87235421315319e-10	6.03485877263636e-08	5.59345168503809e-08	CDKN2A/TFDP1/FOXC1/TTK/BTG3/GMNN/MSH2/DONSON/CDC20/CKS1B/CDCA8/CCNE1/EZH2/KIF14/RRM2/SPHK1/BUB1/PLK1/CHEK1/AURKB/CENPE/CDK5RAP2/MAD2L1/NUSAP1/DLGAP5/TRIP13/NDC80/CENPF/RBL1/CDK1/SKA1/CCNE2/CKS2/RFWD3/AURKA/BARD1/NEK2/CCL2/KNTC1/SPDL1/RGCC/DMRT1	42
GO:0051310	metaphase chromosome alignment	18/430	83/11986	0.216867469879518	6.04505463715327	8.89664340866588	5.93293400889382e-10	6.03485877263636e-08	5.59345168503809e-08	TTK/KIF2C/CDCA8/CDT1/KIF14/KIFC1/AURKB/CENPE/KIF18A/ECT2/NDC80/CENPF/CDK1/SKA1/RACGAP1/NEK2/KNTC1/SPDL1	18
GO:0045787	positive regulation of cell cycle	33/430	271/11986	0.121771217712177	3.39430189650734	7.69027533074141	6.93521729171128e-10	6.87800174905466e-08	6.37492473682829e-08	TFDP1/RANBP1/CDC20/FEN1/GPSM2/CDCA8/CCNE1/SMC4/EZH2/KIF14/RRM2/SPHK1/BUB1/CHEK1/AURKB/RAD51AP1/MAD2L1/NUSAP1/SMC2/NCAPH/DLGAP5/ECT2/NDC80/PLSCR1/CDK1/SKA1/CCNE2/E2F8/RACGAP1/KIF23/AURKA/RGCC/DMRT1	33
GO:0140013	meiotic nuclear division	22/430	130/11986	0.169230769230769	4.71720930232558	8.21994812031954	1.14321596806941e-09	1.10613115739789e-07	1.02522551385531e-07	TTK/CDC20/CCNE1/SMC4/CCNB2/PLK1/RAD51AP1/KIF18A/TOP2A/SMC2/NCAPH/TRIP13/NDC80/SKA1/CCNE2/FANCA/CKS2/AURKA/ASPM/MSH5/BRIP1/DMRT1	22
GO:0050000	chromosome localization	19/430	97/11986	0.195876288659794	5.45993766482858	8.50729460890953	1.23868446245636e-09	1.16996696727723e-07	1.08439218730829e-07	TTK/KIF2C/CDCA8/CDT1/KIF14/KIFC1/AURKB/CENPE/KIF18A/DLGAP5/ECT2/NDC80/CENPF/CDK1/SKA1/RACGAP1/NEK2/KNTC1/SPDL1	19
GO:0045786	negative regulation of cell cycle	35/430	313/11986	0.111821086261981	3.11694776729326	7.32049669583346	2.10082324512943e-09	1.93813158451825e-07	1.79637101474593e-07	CDKN2A/FOXC1/TTK/BTG3/GMNN/MSH2/DONSON/CDC20/PTPRK/CDCA8/CDT1/EZH2/BUB1/PLK1/CHEK1/AURKB/CDK5RAP2/MAD2L1/TRIP13/NDC80/CENPF/CDC45/RBL1/CDK1/SKA1/E2F8/RFWD3/BARD1/NEK2/CCL2/KNTC1/SPDL1/RGCC/BRIP1/DMRT1	35
GO:1901991	negative regulation of mitotic cell cycle phase transition	23/430	147/11986	0.156462585034014	4.36130359120392	7.90967022469217	2.3425121355835e-09	2.05836296382404e-07	1.90780832198198e-07	TTK/DONSON/CDC20/CDCA8/EZH2/BUB1/PLK1/CHEK1/AURKB/CDK5RAP2/MAD2L1/TRIP13/NDC80/CENPF/RBL1/CDK1/SKA1/RFWD3/BARD1/CCL2/KNTC1/SPDL1/RGCC	23
GO:0033045	regulation of sister chromatid segregation	18/430	90/11986	0.2	5.57488372093023	8.40330869280266	2.38680857917585e-09	2.05836296382404e-07	1.90780832198198e-07	TTK/CDC20/CDCA8/BUB1/PLK1/AURKB/CENPE/CDK5RAP2/MAD2L1/DLGAP5/TRIP13/NDC80/CENPF/CDK1/SKA1/KNTC1/SPDL1/TACC3	18
GO:0051303	establishment of chromosome localization	18/430	90/11986	0.2	5.57488372093023	8.40330869280266	2.38680857917585e-09	2.05836296382404e-07	1.90780832198198e-07	TTK/KIF2C/CDCA8/CDT1/KIF14/KIFC1/AURKB/CENPE/KIF18A/ECT2/NDC80/CENPF/CDK1/SKA1/RACGAP1/NEK2/KNTC1/SPDL1	18
GO:1901990	regulation of mitotic cell cycle phase transition	32/430	270/11986	0.118518518518519	3.30363479758829	7.38508181743365	2.51190181340719e-09	2.12015201995454e-07	1.96507794719626e-07	CDKN2A/TFDP1/TTK/DONSON/CDC20/CDCA8/CCNE1/EZH2/KIF14/RRM2/BUB1/PLK1/CHEK1/AURKB/CENPE/CDK5RAP2/MAD2L1/DLGAP5/TRIP13/NDC80/CENPF/RBL1/CDK1/SKA1/CCNE2/RFWD3/AURKA/BARD1/CCL2/KNTC1/SPDL1/RGCC	32
GO:0010948	negative regulation of cell cycle process	30/430	242/11986	0.12396694214876	3.45550643859312	7.44372327042941	2.77292155092696e-09	2.29170412344318e-07	2.1240822318833e-07	TTK/MSH2/DONSON/CDC20/CDCA8/CDT1/EZH2/BUB1/PLK1/CHEK1/AURKB/CDK5RAP2/MAD2L1/TRIP13/NDC80/CENPF/CDC45/RBL1/CDK1/SKA1/E2F8/RFWD3/BARD1/NEK2/CCL2/KNTC1/SPDL1/RGCC/BRIP1/DMRT1	30
GO:0007093	mitotic cell cycle checkpoint signaling	20/430	113/11986	0.176991150442478	4.93352541675242	8.10383199723583	2.93362104423186e-09	2.37503564948322e-07	2.20131864822811e-07	TTK/MSH2/DONSON/CDC20/CDCA8/BUB1/PLK1/CHEK1/AURKB/CDK5RAP2/MAD2L1/TRIP13/NDC80/CENPF/CDK1/SKA1/RFWD3/BARD1/KNTC1/SPDL1	20
GO:0007091	metaphase/anaphase transition of mitotic cell cycle	17/430	81/11986	0.209876543209877	5.85018662072926	8.44861926622232	3.06270291997727e-09	2.42994849670997e-07	2.25221501041697e-07	TTK/CDC20/CDCA8/BUB1/PLK1/AURKB/CENPE/CDK5RAP2/MAD2L1/DLGAP5/TRIP13/NDC80/CENPF/SKA1/KNTC1/SPDL1/TACC3	17
GO:1901987	regulation of cell cycle phase transition	37/430	351/11986	0.105413105413105	2.93832902670112	7.109635639699	3.68093292229422e-09	2.86318841230219e-07	2.6537665010472e-07	CDKN2A/TFDP1/TTK/MSH2/DONSON/CDC20/CDCA8/CDT1/CCNE1/EZH2/KIF14/RRM2/BUB1/PLK1/CHEK1/SIX3/AURKB/CENPE/CDK5RAP2/MAD2L1/DLGAP5/TRIP13/NDC80/CENPF/CDC45/RBL1/CDK1/SKA1/CCNE2/RFWD3/AURKA/BARD1/CCL2/KNTC1/SPDL1/RGCC/BRIP1	37
GO:0045930	negative regulation of mitotic cell cycle	26/430	190/11986	0.136842105263158	3.814394124847	7.5429949061541	4.0207538196275e-09	3.06737123124275e-07	2.84301479594309e-07	FOXC1/TTK/BTG3/MSH2/DONSON/CDC20/CDCA8/EZH2/BUB1/PLK1/CHEK1/AURKB/CDK5RAP2/MAD2L1/TRIP13/NDC80/CENPF/RBL1/CDK1/SKA1/RFWD3/BARD1/CCL2/KNTC1/SPDL1/RGCC	26
GO:0045132	meiotic chromosome segregation	15/430	63/11986	0.238095238095238	6.63676633444075	8.65280696480479	4.14510568818148e-09	3.10257250283319e-07	2.87564134435311e-07	TTK/CCNE1/SMC4/CCNB2/PLK1/SMC2/NCAPH/TRIP13/NDC80/SKA1/CCNE2/AURKA/ASPM/MSH5/BRIP1	15
GO:0044784	metaphase/anaphase transition of cell cycle	17/430	83/11986	0.204819277108434	5.70921826842253	8.30441663786831	4.54813821114944e-09	3.28995417803122e-07	3.04931737992731e-07	TTK/CDC20/CDCA8/BUB1/PLK1/AURKB/CENPE/CDK5RAP2/MAD2L1/DLGAP5/TRIP13/NDC80/CENPF/SKA1/KNTC1/SPDL1/TACC3	17
GO:0000075	cell cycle checkpoint signaling	23/430	152/11986	0.151315789473684	4.21783965728274	7.70140374119316	4.56131786719731e-09	3.28995417803122e-07	3.04931737992731e-07	TTK/MSH2/DONSON/CDC20/CDCA8/CDT1/BUB1/PLK1/CHEK1/AURKB/CDK5RAP2/MAD2L1/TRIP13/NDC80/CENPF/CDC45/CDK1/SKA1/RFWD3/BARD1/KNTC1/SPDL1/BRIP1	23
GO:0090307	mitotic spindle assembly	15/430	64/11986	0.234375	6.53306686046512	8.56112477578949	5.23861620534008e-09	3.71099830117573e-07	3.43956511376934e-07	TPX2/CDC20/CDCA8/PRC1/KIF4A/KIF15/KIFC1/PLK1/AURKB/MYBL2/RACGAP1/CEP192/KIF23/NEK2/KIF11	15
GO:1901988	negative regulation of cell cycle phase transition	27/430	208/11986	0.129807692307692	3.61831395348837	7.34796523777295	6.46676919311357e-09	4.50064445422483e-07	4.17145425513309e-07	TTK/MSH2/DONSON/CDC20/CDCA8/CDT1/EZH2/BUB1/PLK1/CHEK1/AURKB/CDK5RAP2/MAD2L1/TRIP13/NDC80/CENPF/CDC45/RBL1/CDK1/SKA1/RFWD3/BARD1/CCL2/KNTC1/SPDL1/RGCC/BRIP1	27
GO:0030071	regulation of mitotic metaphase/anaphase transition	16/430	77/11986	0.207792207792208	5.79208698278466	8.13732923479022	1.04403163847781e-08	7.14081639627843e-07	6.61851635790019e-07	TTK/CDC20/CDCA8/BUB1/PLK1/AURKB/CENPE/CDK5RAP2/MAD2L1/DLGAP5/TRIP13/NDC80/CENPF/SKA1/KNTC1/SPDL1	16
GO:1903046	meiotic cell cycle process	22/430	147/11986	0.149659863945578	4.17168169593419	7.46346040809315	1.22223733440916e-08	8.21799238237482e-07	7.61690456572917e-07	TTK/CDC20/CCNE1/SMC4/CCNB2/PLK1/RAD51AP1/KIF18A/TOP2A/SMC2/NCAPH/TRIP13/NDC80/SKA1/CCNE2/FANCA/CKS2/AURKA/ASPM/MSH5/BRIP1/DMRT1	22
GO:1902099	regulation of metaphase/anaphase transition of cell cycle	16/430	79/11986	0.20253164556962	5.64545186929644	7.99079177667665	1.5418869202751e-08	1.01944423545522e-06	9.44879125003671e-07	TTK/CDC20/CDCA8/BUB1/PLK1/AURKB/CENPE/CDK5RAP2/MAD2L1/DLGAP5/TRIP13/NDC80/CENPF/SKA1/KNTC1/SPDL1	16
GO:0008608	attachment of spindle microtubules to kinetochore	12/430	44/11986	0.272727272727273	7.60211416490486	8.46292155222016	2.90057387280327e-08	1.88632402514927e-06	1.74835281064742e-06	KIF2C/CDCA8/CDT1/AURKB/CENPE/ECT2/NDC80/CDK1/SKA1/RACGAP1/NEK2/KNTC1	12
GO:0007080	mitotic metaphase chromosome alignment	13/430	53/11986	0.245283018867925	6.83712154453708	8.21507119321855	3.09503960349402e-08	1.98032614630013e-06	1.83547934380384e-06	TTK/KIF2C/CDCA8/CDT1/KIF14/KIFC1/AURKB/CENPE/KIF18A/NDC80/CDK1/SKA1/SPDL1	13
GO:0051231	spindle elongation	7/430	12/11986	0.583333333333333	16.2600775193798	10.2018096567971	4.9389677435617e-08	3.10998175217608e-06	2.88250865969274e-06	CDCA8/PRC1/KIF4A/AURKB/RACGAP1/KIF23/KIF11	7
GO:0033044	regulation of chromosome organization	25/430	206/11986	0.121359223300971	3.3828177918266	6.65428319160374	9.15592237397937e-08	5.67524125899628e-06	5.26013764018256e-06	TTK/CDC20/SMG5/FEN1/CDCA8/SMC4/BUB1/PLK1/AURKB/CENPE/CDK5RAP2/MAD2L1/SMC2/NCAPH/DLGAP5/TRIP13/NDC80/CENPF/CDK1/SKA1/MYC/NEK2/KNTC1/SPDL1/TACC3	25
GO:0061844	antimicrobial humoral immune response mediated by antimicrobial peptide	18/430	113/11986	0.15929203539823	4.44017287507718	7.0874292313815	9.92962381292709e-08	6.06012579475104e-06	5.61687060381446e-06	KLK5/CXCL10/ADM/CX3CL1/CCL2/MMP7/CCL8/CCL3/CXCL11/KLK7/CCL4/DEFB1/CCL18/CXCL2/H2BC11/CCL7/CXCL9/CXCL13	18
GO:0051321	meiotic cell cycle	24/430	194/11986	0.123711340206186	3.44838168304963	6.63186583761484	1.15334070083434e-07	6.93227660637855e-06	6.42522977354763e-06	TTK/CDC20/CCNE1/SMC4/CCNB2/PLK1/RAD51AP1/KIF18A/TOP2A/SMC2/NCAPH/TRIP13/NDC80/SKA1/CCNE2/FANCA/CKS2/AURKA/NEK2/TUBGCP3/ASPM/MSH5/BRIP1/DMRT1	24
GO:0006260	DNA replication	26/430	225/11986	0.115555555555556	3.22104392764858	6.48747597492665	1.36424946394696e-07	8.07757854250388e-06	7.48676100167595e-06	NFIB/MCM2/RFC4/MCM6/CHAF1B/GMNN/CDK2AP1/DONSON/MCM5/FEN1/CDT1/CCNE1/NASP/LPIN1/CCNA2/GINS1/CHEK1/MCM10/CDC45/CDK1/CCNE2/FAF1/E2F8/RFWD3/BARD1/NFIX	26
GO:1905820	positive regulation of chromosome separation	9/430	26/11986	0.346153846153846	9.64883720930233	8.51585557369386	1.64363593963516e-07	9.58868201843041e-06	8.88733798319755e-06	CDC20/CDCA8/SMC4/AURKB/SMC2/NCAPH/DLGAP5/PLSCR1/SKA1	9
GO:0007143	female meiotic nuclear division	9/430	27/11986	0.333333333333333	9.29147286821705	8.31985224306817	2.38781375668808e-07	1.37281988011328e-05	1.27240784929237e-05	TTK/CCNB2/PLK1/TOP2A/NCAPH/TRIP13/NDC80/SKA1/AURKA	9
GO:0051315	attachment of mitotic spindle microtubules to kinetochore	8/430	21/11986	0.380952380952381	10.6188261351052	8.50990772609792	3.46895893065845e-07	1.96590858256029e-05	1.82211632252481e-05	KIF2C/CDCA8/CDT1/AURKB/CENPE/NDC80/CDK1/SKA1	8
GO:0000022	mitotic spindle elongation	6/430	10/11986	0.6	16.7246511627907	9.5956545904139	3.82688300043216e-07	2.13820350179076e-05	1.98180909125419e-05	CDCA8/PRC1/KIF4A/AURKB/RACGAP1/KIF23	6
GO:0051383	kinetochore organization	7/430	16/11986	0.4375	12.1950581395349	8.64348235719755	6.294684277999e-07	3.46819618483639e-05	3.21452224898399e-05	SMC4/CENPE/SMC2/DLGAP5/NDC80/CENPF/KNTC1	7
GO:0140694	membraneless organelle assembly	32/430	343/11986	0.0932944606413994	2.60052884941352	5.80133037392897	7.18816459840523e-07	3.90622588518816e-05	3.62051318561348e-05	TPX2/CDC20/GPSM2/CDCA8/PRC1/CSRP2/KIF4A/KIF15/KIFC1/CCNB2/PLK1/AURKB/CENPE/CDK5RAP2/DLGAP5/NDC80/CENPF/MYBL2/SKA1/RACGAP1/CEP192/KIF23/AURKA/NEK2/TUBGCP3/KIF11/KNTC1/ASPM/SAC3D1/LOC102724159/FSCN1/ABT1	32
GO:0051255	spindle midzone assembly	6/430	11/11986	0.545454545454545	15.2042283298097	9.0912940903559	8.1643349636924e-07	4.37674551364429e-05	4.05661764269951e-05	CDCA8/PRC1/KIF4A/AURKB/RACGAP1/KIF23	6
GO:0019730	antimicrobial humoral response	19/430	144/11986	0.131944444444444	3.67787467700258	6.23603359947	9.07319455787416e-07	4.79911504147824e-05	4.44809383728483e-05	KLK5/CXCL10/ADM/SLPI/CX3CL1/CCL2/MMP7/CCL8/CCL3/CXCL11/KLK7/CCL4/DEFB1/CCL18/CXCL2/H2BC11/CCL7/CXCL9/CXCL13	19
GO:0034508	centromere complex assembly	8/430	24/11986	0.333333333333333	9.29147286821705	7.84304823892954	1.14017113311714e-06	5.95139326983644e-05	5.51609109138251e-05	NASP/HJURP/CENPE/CENPN/DLGAP5/CENPF/KNTC1/CENPI	8
GO:0051653	spindle localization	11/430	50/11986	0.22	6.13237209302326	7.01492791096242	1.17680895868377e-06	6.06285862220587e-05	5.61940354433686e-05	GPSM2/PLK1/CDK5RAP2/MAD2L1/PAX6/NUSAP1/NDC80/SKA1/SPRY2/SPDL1/ASPM	11
GO:2001251	negative regulation of chromosome organization	14/430	83/11986	0.168674698795181	4.70170916223032	6.52773632547559	1.30289589191077e-06	6.62639487591029e-05	6.14172112070758e-05	TTK/CDC20/CDCA8/BUB1/PLK1/AURKB/CDK5RAP2/MAD2L1/TRIP13/NDC80/CENPF/SKA1/KNTC1/SPDL1	14
GO:0006270	DNA replication initiation	9/430	34/11986	0.264705882352941	7.37852257181943	7.18437087158648	2.13657066339698e-06	0.000107288301540453	9.94409237474437e-05	MCM2/MCM6/GMNN/MCM5/CDT1/CCNE1/MCM10/CDC45/CCNE2	9
GO:0040001	establishment of mitotic spindle localization	9/430	35/11986	0.257142857142857	7.16770764119601	7.04863721742976	2.78579160876501e-06	0.000138140441399635	0.00012803644854495	GPSM2/PLK1/CDK5RAP2/MAD2L1/PAX6/NUSAP1/NDC80/SPRY2/SPDL1	9
GO:0070098	chemokine-mediated signaling pathway	13/430	77/11986	0.168831168831169	4.70607067351253	6.29319070085991	3.08512022248364e-06	0.000151094715093736	0.000140043209059589	FOXC1/PADI2/CXCL10/RBM15/CX3CL1/CCL2/CCL8/CCL3/CXCL11/CCL4/CCL18/CCL7/CXCL9	13
GO:0006261	DNA-templated DNA replication	17/430	129/11986	0.131782945736434	3.67337299441139	5.88866003424719	3.46448610540829e-06	0.000167605077806764	0.000155345955920297	MCM2/RFC4/MCM6/GMNN/CDK2AP1/DONSON/MCM5/FEN1/CDT1/CCNE1/GINS1/MCM10/CDC45/CCNE2/E2F8/RFWD3/BARD1	17
GO:0051293	establishment of spindle localization	10/430	46/11986	0.217391304347826	6.05965621840243	6.6320416085513	4.06823514129005e-06	0.000194442033801176	0.000180219979055499	GPSM2/PLK1/CDK5RAP2/MAD2L1/PAX6/NUSAP1/NDC80/SKA1/SPRY2/SPDL1	10
GO:0061982	meiosis I cell cycle process	14/430	92/11986	0.152173913043478	4.2417593528817	6.02088316043858	4.62297818414241e-06	0.000218325648291583	0.00020235667665676	CDC20/CCNE1/CCNB2/PLK1/RAD51AP1/TOP2A/TRIP13/NDC80/CCNE2/CKS2/AURKA/MSH5/BRIP1/DMRT1	14
GO:0044839	cell cycle G2/M phase transition	17/430	133/11986	0.12781954887218	3.56289561112083	5.73313378114982	5.28343212502692e-06	0.000246580885176256	0.000228545243501164	MELK/DONSON/SKP2/CCNA2/KIF14/CCNB2/PLK1/CHEK1/AURKB/FOXM1/NDC80/CENPF/CDK1/AURKA/BARD1/NES/TPD52L1	17
GO:0051988	regulation of attachment of spindle microtubules to kinetochore	7/430	21/11986	0.333333333333333	9.29147286821705	7.33558004177397	5.47320307584366e-06	0.000252467402347347	0.000234001203719974	CDCA8/AURKB/ECT2/CDK1/RACGAP1/NEK2/KNTC1	7
GO:0048247	lymphocyte chemotaxis	9/430	38/11986	0.236842105263158	6.60183598531212	6.67150876307713	5.84456710220255e-06	0.000263470428345881	0.000244199436459253	PADI2/CXCL10/CX3CL1/CCL2/CCL3/CXCL11/CCL4/CCL7/CXCL13	9
GO:0051294	establishment of spindle orientation	9/430	38/11986	0.236842105263158	6.60183598531212	6.67150876307713	5.84456710220255e-06	0.000263470428345881	0.000244199436459253	GPSM2/PLK1/CDK5RAP2/MAD2L1/PAX6/NDC80/SKA1/SPRY2/SPDL1	9
GO:0000132	establishment of mitotic spindle orientation	8/430	30/11986	0.266666666666667	7.43317829457364	6.8052289762737	7.50607988994914e-06	0.000334568751948632	0.000310097422301506	GPSM2/PLK1/CDK5RAP2/MAD2L1/PAX6/NDC80/SPRY2/SPDL1	8
GO:0051299	centrosome separation	6/430	15/11986	0.4	11.1497674418605	7.5872778080059	7.8230506542265e-06	0.000344822688281295	0.000319601355967405	RANBP1/KIF15/CHEK1/AURKA/NEK2/KIF11	6
GO:0010717	regulation of epithelial to mesenchymal transition	13/430	85/11986	0.152941176470588	4.263146374829	5.82376404729873	9.55666609902519e-06	0.000407648327041215	0.000377831745148783	FOXC1/NOTCH1/QKI/SFRP1/EZH2/HDAC2/GCNT2/WWTR1/MDK/VEGFA/SPRY2/ZNF750/RGCC	13
GO:1990868	response to chemokine	13/430	85/11986	0.152941176470588	4.263146374829	5.82376404729873	9.55666609902519e-06	0.000407648327041215	0.000377831745148783	FOXC1/PADI2/CXCL10/RBM15/CX3CL1/CCL2/CCL8/CCL3/CXCL11/CCL4/CCL18/CCL7/CXCL9	13
GO:1990869	cellular response to chemokine	13/430	85/11986	0.152941176470588	4.263146374829	5.82376404729873	9.55666609902519e-06	0.000407648327041215	0.000377831745148783	FOXC1/PADI2/CXCL10/RBM15/CX3CL1/CCL2/CCL8/CCL3/CXCL11/CCL4/CCL18/CCL7/CXCL9	13
GO:1901623	regulation of lymphocyte chemotaxis	7/430	23/11986	0.304347826086957	8.4835187057634	6.92945686345789	1.08418079277818e-05	0.000457547362228835	0.000424081020064299	PADI2/CXCL10/CCL2/CCL3/CCL4/CCL7/CXCL13	7
GO:0044786	cell cycle DNA replication	9/430	41/11986	0.219512195121951	6.11877481565513	6.33307099029827	1.1415704122684e-05	0.000476695771101972	0.000441828858731691	MCM2/MCM6/GMNN/DONSON/FEN1/CDT1/GINS1/CDC45/E2F8	9
GO:0007127	meiosis I	13/430	87/11986	0.149425287356322	4.1651430098904	5.71540765098784	1.24014781195688e-05	0.000512465246878434	0.000474982051224276	CCNE1/CCNB2/PLK1/RAD51AP1/TOP2A/TRIP13/NDC80/CCNE2/CKS2/AURKA/MSH5/BRIP1/DMRT1	13
GO:0051302	regulation of cell division	18/430	159/11986	0.113207547169811	3.15559455901711	5.27810253589524	1.56321922100149e-05	0.000639308314403392	0.00059254744861185	YEATS2/KIF18B/CDCA8/PRC1/KIF14/PLK1/AURKB/KIF20A/PAX6/ECT2/MDK/VEGFA/MYC/E2F8/RACGAP1/KIF23/AURKA/ASPM	18
GO:1904666	regulation of ubiquitin protein ligase activity	6/430	17/11986	0.352941176470588	9.83803009575924	7.03396954633085	1.81948555206414e-05	0.000736520325003921	0.000682649090586469	CDKN2A/CDC20/PLK1/MAD2L1/UBE2S/BAG2	6
GO:0090306	meiotic spindle assembly	5/430	11/11986	0.454545454545455	12.6701902748414	7.46940484308704	2.24290211004402e-05	0.000898746734398447	0.000833009789514488	CCNB2/NDC80/SKA1/AURKA/ASPM	5
GO:0000086	G2/M transition of mitotic cell cycle	15/430	120/11986	0.125	3.4843023255814	5.27584924545639	2.46899004836855e-05	0.000979448352187803	0.00090780865673172	MELK/DONSON/SKP2/CCNA2/KIF14/PLK1/CHEK1/AURKB/FOXM1/CENPF/CDK1/AURKA/BARD1/NES/TPD52L1	15
GO:0051984	positive regulation of chromosome segregation	7/430	26/11986	0.269230769230769	7.5046511627907	6.40463781651565	2.64961246445208e-05	0.0010406943214338	0.000964574918012624	CDCA8/SMC4/AURKB/SMC2/NCAPH/CDK1/SKA1	7
GO:0002052	positive regulation of neuroblast proliferation	7/430	27/11986	0.259259259259259	7.22670111972438	6.24801336279278	3.46742122677619e-05	0.00134855490260992	0.00124991768267588	NOTCH1/SOX10/PAX6/VEGFA/ID4/CX3CL1/ASPM	7
GO:2000179	positive regulation of neural precursor cell proliferation	9/430	47/11986	0.191489361702128	5.33765462642256	5.74737325691048	3.66828257929435e-05	0.00140422403534636	0.00130151501345703	NOTCH1/SOX10/PAX6/MDK/VEGFA/ID4/CX3CL1/NES/ASPM	9
GO:0034501	protein localization to kinetochore	5/430	12/11986	0.416666666666667	11.6143410852713	7.09599851290006	3.73186952326811e-05	0.00140422403534636	0.00130151501345703	TTK/AURKB/CDK1/KNTC1/SPDL1	5
GO:1903083	protein localization to condensed chromosome	5/430	12/11986	0.416666666666667	11.6143410852713	7.09599851290006	3.73186952326811e-05	0.00140422403534636	0.00130151501345703	TTK/AURKB/CDK1/KNTC1/SPDL1	5
GO:0048245	eosinophil chemotaxis	6/430	19/11986	0.315789473684211	8.80244798041616	6.56545028664603	3.75214892227664e-05	0.00140422403534636	0.00130151501345703	CX3CL1/CCL2/CCL8/CCL3/CCL4/CCL7	6
GO:0051656	establishment of organelle localization	31/430	398/11986	0.0778894472361809	2.1711230571462	4.58341629728641	4.17074290664035e-05	0.00154629318791049	0.00143319281582831	TTK/KIF2C/GPSM2/CDCA8/CDT1/KIF14/CDH3/KIFC1/PLK1/AURKB/CENPE/KIF18A/CDK5RAP2/MAD2L1/PAX6/NUSAP1/ECT2/NDC80/CENPF/CDK1/SKA1/KIF1A/RACGAP1/NEK2/SPRY2/KNTC1/SPDL1/LMNB2/UCHL1/KIT/TACC3	31
GO:0033260	nuclear DNA replication	8/430	38/11986	0.210526315789474	5.86829865361077	5.79790219028186	4.87371682499727e-05	0.00177376464630864	0.00164402635149353	MCM2/MCM6/GMNN/DONSON/FEN1/CDT1/GINS1/CDC45	8
GO:1902692	regulation of neuroblast proliferation	8/430	38/11986	0.210526315789474	5.86829865361077	5.79790219028186	4.87371682499727e-05	0.00177376464630864	0.00164402635149353	NOTCH1/SOX10/SIX3/PAX6/VEGFA/ID4/CX3CL1/ASPM	8
GO:0090266	regulation of mitotic cell cycle spindle assembly checkpoint	6/430	20/11986	0.3	8.36232558139535	6.35630895154465	5.19887985975588e-05	0.00185801409041906	0.00172211354671667	CDCA8/AURKB/CDK5RAP2/MAD2L1/NDC80/SKA1	6
GO:1903504	regulation of mitotic spindle checkpoint	6/430	20/11986	0.3	8.36232558139535	6.35630895154465	5.19887985975588e-05	0.00185801409041906	0.00172211354671667	CDCA8/AURKB/CDK5RAP2/MAD2L1/NDC80/SKA1	6
GO:0030174	regulation of DNA-templated DNA replication initiation	5/430	13/11986	0.384615384615385	10.7209302325581	6.7643721293436	5.88604749078003e-05	0.0020848169996361	0.00193232743282844	MCM2/MCM6/GMNN/MCM5/CDT1	5
GO:0051052	regulation of DNA metabolic process	31/430	409/11986	0.0757946210268949	2.11273099448456	4.41675493523328	6.96510691912026e-05	0.00244518399541151	0.00226633614052045	DEK/TFDP1/USP1/MCM2/RFC4/MCM6/GMNN/MSH2/SMG5/MCM5/SKP2/CDT1/CEBPG/LPIN1/CCNA2/PLK1/CHEK1/AURKB/RAD51AP1/FOXM1/KPNA2/VEGFA/CDK1/PELI1/FAF1/MYC/E2F8/BARD1/NEK2/RGCC/EYA2	31
GO:0090231	regulation of spindle checkpoint	6/430	21/11986	0.285714285714286	7.9641196013289	6.16125235745002	7.05950368062448e-05	0.00245658342991556	0.00227690178729652	CDCA8/AURKB/CDK5RAP2/MAD2L1/NDC80/SKA1	6
GO:0045840	positive regulation of mitotic nuclear division	8/430	40/11986	0.2	5.57488372093023	5.59046948157128	7.19695207228947e-05	0.00246656203664432	0.00228615052976493	CDC20/SPHK1/NUSAP1/DLGAP5/SKA1/AURKA/RGCC/DMRT1	8
GO:0051785	positive regulation of nuclear division	9/430	51/11986	0.176470588235294	4.91901504787962	5.41003765392978	7.21253330604339e-05	0.00246656203664432	0.00228615052976493	CDC20/SPHK1/RAD51AP1/NUSAP1/DLGAP5/SKA1/AURKA/RGCC/DMRT1	9
GO:0061351	neural precursor cell proliferation	15/430	132/11986	0.113636363636364	3.16754756871036	4.8302835062329	7.59192962339633e-05	0.00257411836034301	0.00238583987175199	MELK/NFIB/NOTCH1/SOX10/KIF14/SIX3/PAX6/MDK/VEGFA/ID4/RACGAP1/CX3CL1/PDE9A/NES/ASPM	15
GO:0007100	mitotic centrosome separation	5/430	14/11986	0.357142857142857	9.95514950166113	6.46700184299638	8.88718721436881e-05	0.00298775183723738	0.00276921899552099	RANBP1/CHEK1/AURKA/NEK2/KIF11	5
GO:0000281	mitotic cytokinesis	11/430	78/11986	0.141025641025641	3.93100775193798	5.00949947941269	9.9267148024993e-05	0.0033091829934046	0.00306713974393012	STMN1/CDCA8/KIF4A/CEP55/PLK1/AURKB/KIF20A/NUSAP1/ECT2/RACGAP1/KIF23	11
GO:0070192	chromosome organization involved in meiotic cell cycle	8/430	42/11986	0.19047619047619	5.3094130675526	5.39656425572113	0.000103725853893955	0.00342900385331101	0.00317819655834724	CCNE1/SMC4/SMC2/NCAPH/TRIP13/CCNE2/MSH5/BRIP1	8
GO:2000177	regulation of neural precursor cell proliferation	11/430	79/11986	0.139240506329114	3.8812481601413	4.95612800485408	0.000111674578518714	0.00366126490069206	0.00339346935855475	NOTCH1/SOX10/SIX3/PAX6/MDK/VEGFA/ID4/CX3CL1/PDE9A/NES/ASPM	11
GO:0072677	eosinophil migration	6/430	23/11986	0.260869565217391	7.27158746208291	5.80725411302004	0.000123553346055142	0.00401750921148153	0.00372365692640733	CX3CL1/CCL2/CCL8/CCL3/CCL4/CCL7	6
GO:0032465	regulation of cytokinesis	11/430	80/11986	0.1375	3.83273255813954	4.90362340134784	0.0001253803007153	0.004043769536078	0.00374799649463878	CDCA8/PRC1/KIF14/PLK1/AURKB/KIF20A/ECT2/E2F8/RACGAP1/KIF23/AURKA	11
GO:0010812	negative regulation of cell-substrate adhesion	9/430	55/11986	0.163636363636364	4.56126849894292	5.10619176029308	0.000132774005149421	0.00424769740667543	0.00393700848885338	CDKN2A/NOTCH1/KANK1/GCNT2/FZD7/GBP1/MAP4K4/CX3CL1/MMP12	9
GO:0006959	humoral immune response	22/430	257/11986	0.0856031128404669	2.38613700117636	4.33303009601494	0.000144150847158924	0.0045747712854356	0.00424015923474628	NOTCH1/TNFRSF21/KLK5/CXCL10/ADM/SLPI/CX3CL1/CCL2/MMP7/CCL8/CCL3/CXCL11/KLK7/CCL4/DEFB1/RGCC/CCL18/CXCL2/H2BC11/CCL7/CXCL9/CXCL13	22
GO:0071621	granulocyte chemotaxis	13/430	110/11986	0.118181818181818	3.29424947145877	4.66284918448242	0.000152147274883518	0.00479022412272155	0.00443985322613307	PERP/MDK/VEGFA/CXCL10/CX3CL1/CCL2/CXADR/CCL8/CCL3/CCL4/CCL7/CXCL9/CXCL13	13
GO:1901976	regulation of cell cycle checkpoint	8/430	45/11986	0.177777777777778	4.95545219638243	5.12780531680349	0.000172400626788783	0.00538514398796144	0.00499125892559651	CDCA8/AURKB/CDK5RAP2/MAD2L1/NDC80/SKA1/RFWD3/BARD1	8
GO:1901970	positive regulation of mitotic sister chromatid separation	5/430	16/11986	0.3125	8.71075581395349	5.95332163601737	0.000182694956933117	0.0056621163605756	0.00524797273492911	CDC20/CDCA8/AURKB/DLGAP5/SKA1	5
GO:0007076	mitotic chromosome condensation	5/430	17/11986	0.294117647058824	8.1983584131327	5.72899541107527	0.000251236665854982	0.00767917406139769	0.00711749698073903	SMC4/PLK1/NUSAP1/SMC2/NCAPH	5
GO:0030010	establishment of cell polarity	14/430	131/11986	0.106870229007634	2.97894549973371	4.39307060173389	0.000251649263418629	0.00767917406139769	0.00711749698073903	KANK1/GPSM2/PTK7/PLK1/CDK5RAP2/MAD2L1/PAX6/NDC80/FAT1/SKA1/SPRY2/SPDL1/FSCN1/FERMT1	14
GO:0007098	centrosome cycle	13/430	116/11986	0.112068965517241	3.1238572574178	4.43382390301011	0.000259920127201901	0.00787101637106824	0.00729530738703285	RANBP1/KIF15/PLK1/CHEK1/CDK5RAP2/NDC80/CDK1/CEP192/AURKA/NEK2/KIF11/SAC3D1/CNTLN	13
GO:0007405	neuroblast proliferation	9/430	60/11986	0.15	4.18116279069767	4.76500759330103	0.000263476989683794	0.00791828195511825	0.0073391158290709	NOTCH1/SOX10/SIX3/PAX6/VEGFA/ID4/RACGAP1/CX3CL1/ASPM	9
GO:0022411	cellular component disassembly	28/430	382/11986	0.0732984293193717	2.0431511019116	3.99691141492128	0.000271999988214316	0.00809178104788343	0.0074999246945874	PLIN2/TPX2/CTSV/STMN1/KIF18B/KIF2C/PLAAT1/LPIN1/HMGA1/PLK1/AURKB/KIF18A/TOP2A/CDK1/ANKZF1/MID1/KLK5/DDIT4/MYC/MAP4K4/AURKA/CX3CL1/NES/MMP12/MMP7/KLK7/SPTBN2/FSCN1	28
GO:0010718	positive regulation of epithelial to mesenchymal transition	8/430	48/11986	0.166666666666667	4.64573643410853	4.88190788091328	0.000274707713251919	0.00809178104788343	0.0074999246945874	FOXC1/NOTCH1/EZH2/HDAC2/GCNT2/WWTR1/MDK/RGCC	8
GO:0000082	G1/S transition of mitotic cell cycle	17/430	181/11986	0.0939226519337017	2.61803931645895	4.2310177020317	0.000275369407981917	0.00809178104788343	0.0074999246945874	CDKN2A/TFDP1/SKP2/CCNE1/EZH2/CCNA2/KIF14/RRM2/CCNB2/RBL1/CDK1/ID4/CCNE2/MYC/RFWD3/CCL2/RGCC	17
GO:0007144	female meiosis I	4/430	10/11986	0.4	11.1497674418605	6.19369304519676	0.000288781333122441	0.0082416945935016	0.00763887312833537	CCNB2/TRIP13/NDC80/AURKA	4
GO:0036093	germ cell proliferation	4/430	10/11986	0.4	11.1497674418605	6.19369304519676	0.000288781333122441	0.0082416945935016	0.00763887312833537	PRDX4/FANCA/UCHL1/DMRT1	4
GO:0051782	negative regulation of cell division	4/430	10/11986	0.4	11.1497674418605	6.19369304519676	0.000288781333122441	0.0082416945935016	0.00763887312833537	AURKB/MYC/E2F8/ASPM	4
GO:0070303	negative regulation of stress-activated protein kinase signaling cascade	4/430	10/11986	0.4	11.1497674418605	6.19369304519676	0.000288781333122441	0.0082416945935016	0.00763887312833537	GSTP1/FOXM1/MYC/PBK	4
GO:0000212	meiotic spindle organization	5/430	18/11986	0.277777777777778	7.74289405684755	5.52231631127143	0.00033768546173471	0.00954876785246177	0.00885034325518394	CCNB2/NDC80/SKA1/AURKA/ASPM	5
GO:0031100	animal organ regeneration	9/430	62/11986	0.145161290322581	4.04628657164291	4.63879411502147	0.000339394067859115	0.00954876785246177	0.00885034325518394	TYMS/NOTCH1/EZH2/LPIN1/CCNA2/CDK1/ADM/AURKA/SLC7A5	9
GO:0007162	negative regulation of cell adhesion	21/430	255/11986	0.0823529411764706	2.29554035567716	4.03369446217926	0.00034449031186863	0.00962389483931587	0.00891997523615362	CDKN2A/NOTCH1/KANK1/IDO1/GCNT2/TNFRSF21/ASS1/FZD7/CEACAM1/MDK/GBP1/VEGFA/EPCAM/PELI1/PODXL/SERPINE2/MAP4K4/CX3CL1/MMP12/PRNP/RGCC	21
GO:0000910	cytokinesis	15/430	153/11986	0.0980392156862745	2.7327861377109	4.16095221653503	0.000393841309198353	0.0108426289889414	0.0100495676325401	STMN1/CDCA8/PRC1/KIF4A/CEP55/KIF14/PLK1/AURKB/KIF20A/NUSAP1/ECT2/E2F8/RACGAP1/KIF23/AURKA	15
GO:0007292	female gamete generation	13/430	121/11986	0.107438016528926	2.9947722467807	4.25404041481079	0.000394237368431373	0.0108426289889414	0.0100495676325401	TTK/CCNB2/PLK1/TOP2A/NCAPH/MDK/TRIP13/NDC80/SKA1/AURKA/ASPM/PTX3/DMRT1	13
GO:0071824	protein-DNA complex organization	18/430	204/11986	0.0882352941176471	2.45950752393981	4.05565863311563	0.000396314898763926	0.0108426289889414	0.0100495676325401	MCM2/CHAF1B/GMNN/CDT1/NASP/HJURP/HMGA1/CENPE/HMGB2/CENPN/DLGAP5/CENPF/CDC45/MYC/KNTC1/CENPI/H2BC11/TSPYL5	18
GO:0000727	double-strand break repair via break-induced replication	4/430	11/11986	0.363636363636364	10.1361522198732	5.84751559581817	0.00044098265427787	0.0119005319014987	0.0110300924553713	MCM2/MCM6/MCM5/CDC45	4
GO:0090267	positive regulation of mitotic cell cycle spindle assembly checkpoint	4/430	11/11986	0.363636363636364	10.1361522198732	5.84751559581817	0.00044098265427787	0.0119005319014987	0.0110300924553713	CDCA8/AURKB/MAD2L1/NDC80	4
GO:0007163	establishment or maintenance of cell polarity	17/430	189/11986	0.0899470899470899	2.5072228374554	4.02876614287525	0.00045718935140801	0.0122545280880782	0.0113581963333441	KANK1/CLIC4/KIF2C/GPSM2/PTK7/PLK1/CDK5RAP2/MAD2L1/PAX6/NDC80/FAT1/SKA1/SPRY2/SPDL1/CCL4/FSCN1/FERMT1	17
GO:0001837	epithelial to mesenchymal transition	14/430	139/11986	0.100719424460432	2.80749539902961	4.13456559829873	0.000464412008401182	0.0123645801162919	0.0114601988367738	FOXC1/NOTCH1/QKI/SFRP1/EZH2/HDAC2/GCNT2/WWTR1/MDK/VEGFA/SPRY2/TMEM100/ZNF750/RGCC	14
GO:0051438	regulation of ubiquitin-protein transferase activity	6/430	29/11986	0.206896551724138	5.76712109061748	4.95785188768979	0.000484374921535565	0.0128101020915439	0.01187313404157	CDKN2A/CDC20/PLK1/MAD2L1/UBE2S/BAG2	6
GO:0031023	microtubule organizing center organization	13/430	125/11986	0.104	2.89893953488372	4.11675451329918	0.000540485006415559	0.0141993643738445	0.0131607816480275	RANBP1/KIF15/PLK1/CHEK1/CDK5RAP2/NDC80/CDK1/CEP192/AURKA/NEK2/KIF11/SAC3D1/CNTLN	13
GO:0030261	chromosome condensation	7/430	41/11986	0.170731707317073	4.75904707884288	4.65078321737785	0.000568871991680236	0.0148468104670756	0.0137608716547027	SMC4/PLK1/TOP2A/NUSAP1/SMC2/NCAPH/CDK1	7
GO:0090232	positive regulation of spindle checkpoint	4/430	12/11986	0.333333333333333	9.29147286821705	5.54309294095155	0.000642814633800465	0.0166669650476238	0.0154478948459926	CDCA8/AURKB/MAD2L1/NDC80	4
GO:0051054	positive regulation of DNA metabolic process	20/430	250/11986	0.08	2.22995348837209	3.79095058011907	0.00068480846217492	0.0176404881132981	0.0163502116088653	USP1/RFC4/MSH2/SKP2/CDT1/CEBPG/LPIN1/CCNA2/AURKB/RAD51AP1/FOXM1/VEGFA/CDK1/PELI1/FAF1/MYC/E2F8/NEK2/RGCC/EYA2	20
GO:0061640	cytoskeleton-dependent cytokinesis	11/430	97/11986	0.11340206185567	3.16101654279549	4.12212137610561	0.00068989891407483	0.0176569612395797	0.0163654798428753	STMN1/CDCA8/KIF4A/CEP55/PLK1/AURKB/KIF20A/NUSAP1/ECT2/RACGAP1/KIF23	11
GO:0007019	microtubule depolymerization	7/430	43/11986	0.162790697674419	4.53769605191996	4.48278085970833	0.000766591553503095	0.0194940300817101	0.0180681801375594	TPX2/STMN1/KIF18B/KIF2C/AURKB/KIF18A/MID1	7
GO:0006281	DNA repair	32/430	492/11986	0.0650406504065041	1.81297031574967	3.5519850051693	0.000834071692985823	0.0210749197839157	0.0195334389782064	DEK/USP1/MCM2/RFC4/MCM6/CHAF1B/MSH2/MCM5/FEN1/SKP2/CEBPG/PSME4/HMGA1/PLK1/CHEK1/RAD51AP1/FOXM1/HMGB2/TRIP13/FANCG/CDC45/CDK1/PELI1/FIRRM/FANCA/NUDT1/ERCC6L/RFWD3/BARD1/MSH5/BRIP1/EYA2	32
GO:0010639	negative regulation of organelle organization	22/430	293/11986	0.0750853242320819	2.09295975871101	3.65362935412515	0.00088273088485037	0.0221632494949457	0.0205421650951522	TTK/TPX2/CDC20/STMN1/KANK1/CDCA8/BUB1/PLK1/CHEK1/AURKB/PFN2/CDK5RAP2/MAD2L1/TRIP13/NDC80/CENPF/MID1/SKA1/KNTC1/SPDL1/SPTBN2/DMRT1	22
GO:0045931	positive regulation of mitotic cell cycle	11/430	100/11986	0.11	3.06618604651163	4.0022207726244	0.000892420054530056	0.0222067347666881	0.0205824697278977	TFDP1/CDC20/CCNE1/RRM2/SPHK1/DLGAP5/CDK1/SKA1/CCNE2/AURKA/RGCC	11
GO:0044771	meiotic cell cycle phase transition	4/430	13/11986	0.307692307692308	8.57674418604651	5.27232641086159	0.000902349815530538	0.0222067347666881	0.0205824697278977	TTK/CDC20/CCNB2/NDC80	4
GO:0051382	kinetochore assembly	4/430	13/11986	0.307692307692308	8.57674418604651	5.27232641086159	0.000902349815530538	0.0222067347666881	0.0205824697278977	CENPE/DLGAP5/CENPF/KNTC1	4
GO:0097530	granulocyte migration	13/430	132/11986	0.0984848484848485	2.74520789288231	3.88911829277752	0.000906854306075995	0.0222067347666881	0.0205824697278977	PERP/MDK/VEGFA/CXCL10/CX3CL1/CCL2/CXADR/CCL8/CCL3/CCL4/CCL7/CXCL9/CXCL13	13
GO:1901992	positive regulation of mitotic cell cycle phase transition	9/430	71/11986	0.126760563380282	3.53337700622339	4.12982316354849	0.000937758884687194	0.0228226349420497	0.0211533211767024	TFDP1/CDC20/CCNE1/RRM2/DLGAP5/CDK1/SKA1/CCNE2/RGCC	9
GO:0031589	cell-substrate adhesion	23/430	315/11986	0.073015873015873	2.0352750092285	3.59175291867623	0.000992915396389198	0.024017654740707	0.0222609337585845	CDKN2A/NOTCH1/EPHB3/PTPRK/KANK1/SFRP1/TTYH1/PRKX/RSU1/KIF14/GCNT2/FZD7/MDK/HACD1/GBP1/VEGFA/ITGA6/MAP4K4/CX3CL1/MMP12/MSLN/ITGB4/FERMT1	23
GO:0090329	regulation of DNA-templated DNA replication	6/430	33/11986	0.181818181818182	5.06807610993658	4.51395328403925	0.00100037110635213	0.0240513465387812	0.0222921612407527	MCM2/MCM6/GMNN/MCM5/CDT1/E2F8	6
GO:0044843	cell cycle G1/S phase transition	17/430	203/11986	0.083743842364532	2.33431091763089	3.69850832025551	0.00102707454595748	0.0245446067699598	0.0227493429868705	CDKN2A/TFDP1/SKP2/CCNE1/EZH2/CCNA2/KIF14/RRM2/CCNB2/RBL1/CDK1/ID4/CCNE2/MYC/RFWD3/CCL2/RGCC	17
GO:0065004	protein-DNA complex assembly	16/430	186/11986	0.0860215053763441	2.39779944986247	3.70603753914799	0.00107790598442296	0.0256051080251849	0.0237322761020447	MCM2/CHAF1B/GMNN/CDT1/NASP/HJURP/CENPE/HMGB2/CENPN/DLGAP5/CENPF/CDC45/KNTC1/CENPI/H2BC11/TSPYL5	16
GO:0031109	microtubule polymerization or depolymerization	12/430	119/11986	0.100840336134454	2.8108657416455	3.82947062618516	0.00114979721416799	0.0271502711226454	0.0251644214855188	TPX2/STMN1/KIF18B/KIF2C/AURKB/KIF18A/CDK5RAP2/CRYAB/MID1/SKA1/CEP192/TUBGCP3	12
GO:1901989	positive regulation of cell cycle phase transition	10/430	88/11986	0.113636363636364	3.16754756871036	3.93661072541377	0.00117727166448398	0.0275010228939705	0.0254895182541863	TFDP1/CDC20/CCNE1/EZH2/RRM2/DLGAP5/CDK1/SKA1/CCNE2/RGCC	10
GO:0071459	protein localization to chromosome, centromeric region	6/430	34/11986	0.176470588235294	4.91901504787962	4.4141346586572	0.00117851623190698	0.0275010228939705	0.0254895182541863	TTK/AURKB/CDK1/KNTC1/SPDL1/H2BC11	6
GO:0008406	gonad development	17/430	206/11986	0.0825242718446602	2.30031609844209	3.63127704825557	0.001207297836819	0.0278450611550056	0.0258083925581931	FOXC1/NOTCH1/MSH2/SFRP1/NASP/PRDX4/HMGB2/KIF18A/VEGFA/FANCG/FANCA/NUDT1/ASPM/KIT/BRIP1/PTX3/DMRT1	17
GO:0048762	mesenchymal cell differentiation	17/430	206/11986	0.0825242718446602	2.30031609844209	3.63127704825557	0.001207297836819	0.0278450611550056	0.0258083925581931	FOXC1/NOTCH1/QKI/SOX10/SFRP1/EZH2/HDAC2/NRTN/GCNT2/WWTR1/PAX6/MDK/VEGFA/SPRY2/TMEM100/ZNF750/RGCC	17
GO:2000696	regulation of epithelial cell differentiation involved in kidney development	4/430	14/11986	0.285714285714286	7.9641196013289	5.02917056697793	0.00122774099288528	0.0281528816114214	0.0260936981329375	PRKX/PROM1/WWTR1/CD24	4
GO:0031099	regeneration	15/430	171/11986	0.087719298245614	2.44512443900449	3.67143562936987	0.00125565617077243	0.0286275174106564	0.0265336176921239	NFIB/TYMS/NOTCH1/KLF5/EZH2/LPIN1/CCNA2/FZD7/MDK/CDK1/ADM/AURKA/SLC7A5/KLK6/SPP1	15
GO:0030856	regulation of epithelial cell differentiation	13/430	137/11986	0.0948905109489051	2.64501782379902	3.73542070869709	0.00128039447607038	0.0290247136375497	0.0269017618340682	FOXC1/NOTCH1/EZH2/PRKX/PROM1/WWTR1/PAX6/MAFF/CEACAM1/VEGFA/SPRY2/TMEM100/CD24	13
GO:0010212	response to ionizing radiation	12/430	121/11986	0.0991735537190083	2.7644051508745	3.76276080240934	0.00132996778166176	0.0299771715332511	0.0277845541946443	MSH2/SFRP1/RAD51AP1/ECT2/CRYAB/MYC/CXCL10/RFWD3/BARD1/NET1/CCL7/TSPYL5	12
GO:0048713	regulation of oligodendrocyte differentiation	6/430	35/11986	0.171428571428571	4.77847176079734	4.31814836687021	0.00137996668386272	0.030928405846799	0.0286662124694171	NOTCH1/QKI/HDAC2/TNFRSF21/MDK/ID4	6
GO:0045137	development of primary sexual characteristics	17/430	210/11986	0.080952380952381	2.25650055370986	3.54342229639366	0.00148876459046858	0.033179377137016	0.0307525411857288	FOXC1/NOTCH1/MSH2/SFRP1/NASP/PRDX4/HMGB2/KIF18A/VEGFA/FANCG/FANCA/NUDT1/ASPM/KIT/BRIP1/PTX3/DMRT1	17
GO:0030033	microvillus assembly	4/430	15/11986	0.266666666666667	7.43317829457364	4.80900781115994	0.00162713906924777	0.0360606742329939	0.0334230918487649	RAP2A/KLF5/PODXL/FSCN1	4
GO:2001252	positive regulation of chromosome organization	10/430	92/11986	0.108695652173913	3.02982810920121	3.7699769017125	0.00165660198726828	0.0365096671305181	0.0338392441025035	FEN1/SMC4/BUB1/AURKB/SMC2/NCAPH/CDK1/SKA1/MYC/NEK2	10
GO:0048608	reproductive structure development	20/430	270/11986	0.0740740740740741	2.06477174849268	3.41348658552244	0.00175512689092552	0.0384673390955886	0.0356537262576495	FOXC1/NOTCH1/MSH2/SFRP1/NASP/PRDX4/HMGB2/KIF18A/VEGFA/FANCG/ID4/SERPINE2/FANCA/NUDT1/ASPM/KIT/BRIP1/PTX3/SERPINB5/DMRT1	20
GO:0061458	reproductive system development	20/430	272/11986	0.0735294117647059	2.04958960328317	3.37754265710128	0.00191538645536371	0.041749110266087	0.0386954591589673	FOXC1/NOTCH1/MSH2/SFRP1/NASP/PRDX4/HMGB2/KIF18A/VEGFA/FANCG/ID4/SERPINE2/FANCA/NUDT1/ASPM/KIT/BRIP1/PTX3/SERPINB5/DMRT1	20
GO:0045685	regulation of glial cell differentiation	8/430	64/11986	0.125	3.4843023255814	3.84387586964718	0.00195519044603484	0.0423838278656843	0.0392837516709791	NOTCH1/QKI/HDAC2/TNFRSF21/MDK/CDK1/ID4/SERPINE2	8
GO:0035886	vascular associated smooth muscle cell differentiation	5/430	26/11986	0.192307692307692	5.36046511627907	4.29342005933745	0.00204620057520565	0.0441156395752218	0.0408888936452708	NOTCH1/QKI/VEGFA/ADM/KIT	5
GO:0010810	regulation of cell-substrate adhesion	16/430	198/11986	0.0808080808080808	2.25247827108292	3.42793210932951	0.00206647402909476	0.0443119052617238	0.0410708038897751	CDKN2A/NOTCH1/KANK1/SFRP1/RSU1/GCNT2/FZD7/MDK/HACD1/GBP1/VEGFA/ITGA6/MAP4K4/CX3CL1/MMP12/FERMT1	16
GO:0060485	mesenchyme development	19/430	256/11986	0.07421875	2.06880450581395	3.33440795196846	0.00221603609455414	0.0472635225112704	0.0438065312862344	FOXC1/NOTCH1/QKI/SOX10/SFRP1/EZH2/HDAC2/PTK7/NRTN/GCNT2/WWTR1/PAX6/MDK/VEGFA/MYC/SPRY2/TMEM100/ZNF750/RGCC	19
GO:0031640	killing of cells of another organism	10/430	96/11986	0.104166666666667	2.90358527131783	3.61215606083817	0.00228308358436374	0.0481754924423988	0.044651797089488	GBP1/CXCL10/CCL8/CXCL11/CCL18/CXCL2/H2BC11/CXCL9/CXCL13/GZMB	10
GO:0141061	disruption of cell in another organism	10/430	96/11986	0.104166666666667	2.90358527131783	3.61215606083817	0.00228308358436374	0.0481754924423988	0.044651797089488	GBP1/CXCL10/CCL8/CXCL11/CCL18/CXCL2/H2BC11/CXCL9/CXCL13/GZMB	10
GO:0008544	epidermis development	21/430	296/11986	0.070945945945946	1.97757699560025	3.28502783270823	0.00230593980810677	0.0484003344907912	0.0448601935378275	TFDP1/FOXC1/NOTCH1/STMN1/CLIC4/EZH2/HDAC2/CDH3/CALML5/PAX6/MAFF/KRT16/SOSTDC1/KLK5/LSR/FABP5/ZNF750/KLK7/KRT15/FERMT1/KRT7	21
